{"cameraMode":{"drawMode":0,"name":"Shaded","section":"Shading Mode"},"sceneLighting":true,"audioPlay":false,"sceneViewState":{"showFog":true,"showMaterialUpdate":false,"showSkybox":true,"showFlares":true,"showImageEffects":true,"showParticleSystems":true},"in2DMode":false,"pivot":{"x":117.5925064086914,"y":329.7958984375,"z":3.576321601867676},"rotation":{"x":-0.028779510408639909,"y":0.0425666905939579,"z":-0.001226617954671383,"w":-0.9986802339553833},"size":70.71067810058594,"orthographic":false}